{"cameraMode":{"drawMode":0,"name":"Shaded","section":"Shading Mode"},"sceneLighting":true,"audioPlay":false,"sceneViewState":{"showFog":true,"showMaterialUpdate":false,"showSkybox":true,"showFlares":true,"showImageEffects":true,"showParticleSystems":true},"in2DMode":false,"pivot":{"x":-37.927635192871097,"y":25.98525047302246,"z":96.55060577392578},"rotation":{"x":-0.01809120737016201,"y":0.9719213843345642,"z":-0.108910471200943,"w":-0.21128229796886445},"size":8.67377758026123,"orthographic":false}